id;jhi_user;user_account;inscription;user_telephone;user_name;edit_by;edit_date;created_by;creates_date
1;Frozen Egyptian;47911840-72cf-41db-ab1e-7ac3dea9b007;2023-09-24T14:37:07;International Gorgeo;RSS Fantastic Card;Grenadines payment Money;2023-09-24T09:28:03;Rustic;2023-09-24T15:47:03
2;COM experiences;d46da8ce-ef38-4064-9349-bd4977fa800d;2023-09-24T15:15:08;Future-proofed Austr;gold;Practical;2023-09-24T13:20:16;extensible Frozen;2023-09-24T08:44:59
3;input Avon;b6c6d2c3-efed-4d1b-97ae-d466c0c839a0;2023-09-23T20:01:37;Niger Account Market;Nebraska;ivory River SAS;2023-09-24T02:29:55;Account;2023-09-24T08:21:15
4;Car Intuitive;3977585f-3664-4495-8649-fe9e95335b24;2023-09-24T13:39:08;portXXXXXX;Granite Forward Account;hack Rupiah;2023-09-24T02:07:57;cultivate Engineer;2023-09-24T00:17:11
5;Fresh;b0b768bb-6485-4aca-895f-1c4cf579caba;2023-09-24T07:26:41;Toys Massachusetts;firewall Incredible;connect cyan;2023-09-24T01:48:47;multi-byte Cambridgeshire Rupee;2023-09-24T14:17:44
6;Texas transitional exploit;86dd3134-f8ea-4c9a-83d1-58ba73f84114;2023-09-23T23:48:55;edgeXXXXXX;TCP Cotton bypassing;Small overriding relationships;2023-09-24T14:52:50;Optional Metal composite;2023-09-24T12:19:26
7;bypass open-source Bedfordshire;2653a87d-fe59-4ed0-94d4-9ba77ee0b7ef;2023-09-24T09:20:40;web-enabled navigate;portals action-items wireless;Gambia Frozen Cheese;2023-09-24T11:40:24;Luxembourg Computer;2023-09-24T00:10:48
8;Granite Senior Australia;e035b062-8da5-469a-84cc-af2ee7b95bf2;2023-09-24T18:13:02;Facilitator input Fa;Market;Maine;2023-09-23T22:12:40;Sausages Metal;2023-09-24T17:04:23
9;Sleek;54263023-d1a4-4f5b-ae24-b2ca8118b336;2023-09-24T08:02:40;e-commerce;Delaware;compress;2023-09-24T12:06:15;RSS monitor Keyboard;2023-09-24T03:51:58
10;Peso;d9328120-28e1-448b-b77c-23cf0a608dfb;2023-09-24T09:53:17;Account JBOD;up;African Louisiana;2023-09-24T04:32:31;New overriding mobile;2023-09-24T17:21:14
