id;bank_name;bank_account;edit_by;edit_date;created_by;creates_date
1;Rubber Tasty;actuating architecture action-items;bypass;2023-09-24T02:47:33;Cambridgeshire virtual;2023-09-24T17:04:12
2;Integration Savings;Concrete Security;e-business Unbranded program;2023-09-23T23:23:56;global Health;2023-09-24T06:31:51
3;Borders RAM;protocol;Towels Forks;2023-09-24T05:22:32;hard;2023-09-24T09:49:09
4;up invoice;Jewelery Central;facilitate;2023-09-24T12:13:16;Peso Fresh frame;2023-09-24T04:29:24
5;Investment up protocol;Secured purple;mint;2023-09-24T05:10:28;fuchsia RAM Forward;2023-09-24T14:00:47
6;Concrete;Leone Human;Soft Colombia;2023-09-24T05:05:45;navigate override Metrics;2023-09-24T15:28:37
7;Account;digital Buckinghamshire;bandwidth channels;2023-09-24T00:36:28;bypass 1080p Account;2023-09-23T20:45:07
8;Checking;Handmade Unbranded payment;Developer streamline Vision-oriented;2023-09-24T02:59:27;invoice copy transmit;2023-09-23T23:44:08
9;Row initiatives Investment;stable Fresh;Curve Buckinghamshire;2023-09-24T09:26:38;Valley neural;2023-09-24T18:31:59
10;Rhode Sleek;Fresh;Metal SMTP;2023-09-24T10:11:20;magenta;2023-09-24T08:49:13
