id;name;type;identifier;located;edit_by;edit_date;created_by;creates_date
1;Serbian HDD AGP;maroon Salad card;Investment;Avon Borders Developer;Gloves;2023-09-24T01:32:07;technologies;2023-09-24T12:11:23
2;Arizona Tuvalu;next-generation Lead;Vermont;Minnesota;optimizing Brand tan;2023-09-24T14:40:16;hacking Checking;2023-09-24T17:49:52
3;optical Metal data-warehouse;deposit;lavender Switzerland;Account Finland sensor;Krone;2023-09-24T11:03:30;AI Dynamic static;2023-09-23T19:54:20
4;Small Loan;index Baht withdrawal;Pizza;Chief;Program;2023-09-24T01:09:11;New Outdoors;2023-09-24T05:59:20
5;Granite lime;Wooden Islands workforce;Lithuania Avon;Montana;Coordinator structure Massachusetts;2023-09-24T13:23:38;Dynamic;2023-09-24T00:38:39
6;Product Oman calculate;hack;purple Coordinator;Facilitator;Frozen;2023-09-23T21:46:12;Program Rwanda;2023-09-24T02:11:10
7;Persevering neural Uruguayo;Cambridgeshire Buckinghamshire;black Table;Associate Anguilla;Gloves;2023-09-24T02:39:47;Refined;2023-09-24T16:12:04
8;Handcrafted Sausages;York transmitting;end-to-end;synthesize;high-level;2023-09-24T09:08:45;turquoise;2023-09-24T09:57:58
9;Unbranded supply-chains;navigate Salad Investment;Consultant Card Administrator;Concrete;Fish firmware;2023-09-24T08:49:07;virtual compress overriding;2023-09-24T11:14:04
10;portals Movies Baby;Total SMS Sports;Handmade;Soft neural;Account;2023-09-24T03:24:47;Sausages;2023-09-24T12:43:31
